x,y,type
0.7112259069956287,0.6963128943894852,lidar_point
2.2426478501894627,1.2675937375171922,lidar_point
0.9859477252754566,1.55368447724707,lidar_point
0.33289301750925604,1.7805288076487715,lidar_point
1.1810993775097227,0.009813325606872203,lidar_point
1.6130001952062827,0.3267610560715648,lidar_point
1.9271990314233873,1.5000988222926812,lidar_point
0.7355652473333322,1.5908018131894404,lidar_point
1.871971997503835,0.33346670370906994,lidar_point
0.9670576878819058,0.21611164761756285,lidar_point
2.7583583509413945,1.2845615390854133,lidar_point
0.689779673824835,0.23000521458389334,lidar_point
2.9263275485714138,0.14182115775969173,lidar_point
0.9082681345543677,1.6941174764712081,lidar_point
1.595701067470688,1.4824835094695896,lidar_point
0.4679771626488216,0.807932339541841,lidar_point
2.9327800870314356,1.9222253644491285,lidar_point
1.9986164747665498,0.8387442392359095,lidar_point
1.4794598597337871,1.461715667644706,lidar_point
0.16884522989402717,0.6168002006114734,lidar_point
0.46509087536180205,1.4525551765682152,lidar_point
2.7202645621269594,0.18771514197567463,lidar_point
1.2734632009537388,1.8490229193492136,lidar_point
0.4769927217409443,0.33382968023886295,lidar_point
2.5740645973531144,0.12980340926631362,lidar_point
2.7900807870400985,0.8249859565556805,lidar_point
0.8354345205558601,0.9783304073670316,lidar_point
0.7316503543766424,1.6504817884247136,lidar_point
0.99998345303152,0.45573907046264406,lidar_point
0.6039823472959842,0.8128956463281127,lidar_point
1.928997770962952,0.05538282282741336,lidar_point
1.4596274522796033,1.5592010093650548,lidar_point
1.1300994952870655,0.8854149107063589,lidar_point
2.149823241595974,0.7293743291918695,lidar_point
0.9693115140768914,1.381690434496426,lidar_point
2.781456541074835,1.4901164639341797,lidar_point
1.8720997616048893,1.7555935277662444,lidar_point
0.0647586155234865,0.7123362709912424,lidar_point
1.0025691522634517,0.45250931484415857,lidar_point
0.04891553070267285,0.068184976190375,lidar_point
1.3215085418747363,0.16922750917299512,lidar_point
0.7679979152591281,1.7196334462023262,lidar_point
2.1607476985159435,1.5989288843198957,lidar_point
2.3969099235159517,0.2740861314404055,lidar_point
0.39188020834831827,0.6847996219602643,lidar_point
1.3295911536676823,1.3914265285840486,lidar_point
2.49391472822725,0.6446158335199155,lidar_point
0.8260468707623316,0.9960807327998498,lidar_point
0.2972534700669557,1.8186340183423353,lidar_point
2.4854858076602824,1.431941565984322,lidar_point
1.8281762259380816,1.883945992687331,lidar_point
2.9336872541471712,1.4998119976546296,lidar_point
1.8720741468214093,0.00885212848761574,lidar_point
0.6659286147027585,1.833021041880938,lidar_point
0.18435347193911955,0.10840547054480543,lidar_point
2.6103019629032547,1.1756981918027913,lidar_point
0.9415226022174702,0.884342851750034,lidar_point
1.455302882350355,0.9525301463735745,lidar_point
0.4790796534276236,0.6578494308300262,lidar_point
1.608267672765241,0.30285553558432343,lidar_point
2.456243105587056,1.510759928375107,lidar_point
2.5389063912314773,0.8716861853386504,lidar_point
1.8016488363922323,1.376079910173604,lidar_point
0.5248584741380398,1.5610438163919536,lidar_point
2.5578378207810353,0.3267887530382243,lidar_point
2.9451628605980744,1.5318095018999849,lidar_point
0.5425179306070523,1.6653529113457193,lidar_point
2.1702490167654074,1.2723589058076616,lidar_point
1.2151104415777552,1.7424359154889213,lidar_point
0.4407270075838934,0.018950399305097232,lidar_point
2.769323174936351,0.8950450863238146,lidar_point
2.1160580171801215,0.3842615460449528,lidar_point
0.03824325925732508,0.28842610644834,lidar_point
2.0343202968976195,1.3489656338116585,lidar_point
0.8317109572626878,0.09716166994461628,lidar_point
0.5840434894035337,1.8636503429951994,lidar_point
2.42801245399472,0.032940780067231445,lidar_point
2.59673472395039,1.3600702132330011,lidar_point
1.1615618901357083,1.7837809994559426,lidar_point
0.40642957249658573,0.6039894218533253,lidar_point
1.8819514921790559,1.2910237252004653,lidar_point
1.3028373087768035,0.9066537149282385,lidar_point
1.1963498942265631,0.713463389755072,lidar_point
1.4788103566174038,0.2790890776946917,lidar_point
1.0253003383347372,0.7602995676704458,lidar_point
0.2915994624834033,0.3692480342042783,lidar_point
2.1790410788487504,1.3191548336297356,lidar_point
2.7699918674316333,1.308932701397468,lidar_point
1.3697711497683116,0.05707435861896748,lidar_point
1.9959866659851282,1.6626305160707038,lidar_point
1.4063042406260169,0.04008175561774818,lidar_point
2.4549880881178163,0.09143073931981482,lidar_point
2.1688124949922054,1.613044347522216,lidar_point
1.0629257609277605,1.639352231998925,lidar_point
1.6379676431121264,1.029773615799042,lidar_point
2.818982089502167,1.8239799023876397,lidar_point
0.4698209924786446,0.3717401535274951,lidar_point
1.5285588476452525,0.9992304693625254,lidar_point
1.9948990059031404,0.7383561989592717,lidar_point
2.374733066990375,1.4843194047553914,lidar_point
2.5456057128738228,0.07191450470171024,lidar_point
1.5618628537622032,0.3095601757722084,lidar_point
0.035846348894819524,1.0537986238901245,lidar_point
1.1372471115919243,0.7568838739421526,lidar_point
0.24723479269030457,0.09733167831840195,lidar_point
1.4540303627866926,0.2894899768903252,lidar_point
0.7312683398161938,0.7107213331007349,lidar_point
2.168235590223521,1.6680774849216387,lidar_point
2.581996418201531,1.6155549698386045,lidar_point
0.44054886674750227,0.5528670333808654,lidar_point
2.50645081804391,0.44032956752629593,lidar_point
1.131154559071235,1.351166381123065,lidar_point
1.4141514887412687,0.7726107196500513,lidar_point
2.4230161203522256,0.48842465845127947,lidar_point
2.6338678330442655,1.8334244671899462,lidar_point
1.9382187678554328,1.7924508237514436,lidar_point
0.9105021636402163,1.7438218897890612,lidar_point
2.8552850643726955,0.4169813188710889,lidar_point
0.2820673643575574,0.3001269427954161,lidar_point
1.306093696461505,0.52448017060245,lidar_point
1.0559130523861269,0.9025805525668891,lidar_point
1.4709435315787682,1.4149866624289962,lidar_point
0.8693591137878309,1.9539625081782996,lidar_point
1.2248164028581217,0.41772950893530747,lidar_point
2.50359463238128,0.8386590490831209,lidar_point
0.19132366146631885,0.12542593290146087,lidar_point
2.7024497174827316,1.0501639093206592,lidar_point
0.5388230303973708,1.8686078603051348,lidar_point
0.6825058575096148,1.429136523944342,lidar_point
1.845554507564845,1.2803137577455963,lidar_point
1.523697536639114,0.30069165655846253,lidar_point
2.152666299359675,1.225926044986926,lidar_point
2.9781593476959243,0.9245779250849098,lidar_point
0.8106321482411005,0.6630521855731233,lidar_point
2.5116951939228565,1.9294193841396399,lidar_point
1.3175393924231766,1.025482452147097,lidar_point
1.6990297449658653,0.9122861467937939,lidar_point
1.1672899934953864,0.688531686983356,lidar_point
1.3362219875831656,0.8281611567509164,lidar_point
1.755356939942068,1.663121079480125,lidar_point
1.253736559798996,0.9255914289707221,lidar_point
2.866081142047129,0.4034715780078131,lidar_point
1.9898219403580066,1.784020465627313,lidar_point
0.7150109528210846,0.3415726943711703,lidar_point
0.06305061190503503,0.37629256729732785,lidar_point
1.0839553633522128,0.6314628298225942,lidar_point
2.983363624048653,1.0542667940587296,lidar_point
1.2861196653485805,0.42420721832728403,lidar_point
0.9023388205854711,0.26998246280784577,lidar_point
1.7099982818053086,1.511174041550226,lidar_point
2.453847321551453,1.9670913656087312,lidar_point
2.611169557385364,1.0338592576928853,lidar_point
2.911307712928928,0.8453727028329616,lidar_point
1.0332149396162045,0.4844868273205556,lidar_point
2.8399430742254896,0.04026346331109609,lidar_point
2.1881180291789804,0.36117978068210976,lidar_point
1.9782419558595712,0.3647341006442699,lidar_point
2.709252154096001,0.5924271574085391,lidar_point
1.8204845535614083,1.4029186019345035,lidar_point
0.9016227160451848,1.2501933533365117,lidar_point
0.655793276789944,1.176557561088295,lidar_point
0.3482805823122572,1.5779265782452643,lidar_point
2.7755053015780953,1.4894878123394115,lidar_point
1.9549531911045348,1.1410880003228534,lidar_point
2.012988950205985,1.1787797519706542,lidar_point
1.5640680193523935,1.9370729596640115,lidar_point
1.9484799994574749,0.39335051687515254,lidar_point
2.4431173155329384,0.29318204998325736,lidar_point
0.1489071308810006,1.3864850472034365,lidar_point
2.8990127429636217,0.23122433578730717,lidar_point
1.5765066589171852,0.6151519569360624,lidar_point
2.90638652811542,0.4448440370765745,lidar_point
2.5101215801462193,1.5821477049272308,lidar_point
0.7859320489092708,1.0818504015179138,lidar_point
1.399361749217613,1.994357848155181,lidar_point
1.1777572557924854,0.5974244009128822,lidar_point
0.267509144432563,0.19911016213195998,lidar_point
0.8795705149984264,0.4005202682163058,lidar_point
1.5772653115522455,1.4539730135020132,lidar_point
1.7961217051015361,1.0608990966069012,lidar_point
1.608961133883216,1.361515648644273,lidar_point
0.8062727748490215,1.415110854703126,lidar_point
2.674792722136986,1.865631777767611,lidar_point
0.48046600428076003,1.8212073704545324,lidar_point
2.673695467104962,1.1097551714289409,lidar_point
0.07748815563345524,0.17282892848456766,lidar_point
1.4175711662561556,0.9815288344795847,lidar_point
2.7207016499206897,0.7625065312644816,lidar_point
2.5624240278053074,0.719031966890715,lidar_point
2.3252817178900904,1.579378902544786,lidar_point
0.9163752392849966,0.2500903741847744,lidar_point
2.6675552846258346,0.1001530552809371,lidar_point
1.9672188469830312,1.0535406364753315,lidar_point
2.6529102975878898,0.3234146437082559,lidar_point
1.214659643797781,0.3829724064637867,lidar_point
0.13740552006502094,1.898846253269034,lidar_point
2.2811827898120933,1.3027484586621758,lidar_point
1.477357891539723,1.1018320588086066,lidar_point
2.339942876491948,0.37645549974176395,lidar_point
0.3870825500908507,0.9186879146528477,lidar_point
2.6491471493782544,1.6833987759546012,lidar_point
0.013522991713334376,0.7266952877900734,lidar_point
2.057579665484232,0.7680889888195574,lidar_point
1.0223542359915014,0.8834018996619672,lidar_point
1.2088606083460707,1.9019818896198226,lidar_point
2.4958780777640897,1.745420157493924,lidar_point
2.5892574285725347,1.9541063429805419,lidar_point
2.1308237014297484,0.9231753985703921,lidar_point
0.4400092231069217,1.071843030426393,lidar_point
0.47776676957254693,0.5008451019601696,lidar_point
1.5611222357733237,0.17452166604172614,lidar_point
1.9926714540578438,0.46265683457615303,lidar_point
2.0178034084989034,0.1237323828215442,lidar_point
2.010611789247942,1.0982028535325905,lidar_point
0.08631992373161634,1.2164022577994573,lidar_point
1.5630341843321434,0.32131552379117734,lidar_point
1.340424519840734,0.7576166642405386,lidar_point
0.28580309214206057,1.1429902225602915,lidar_point
1.0759350880665743,0.3892420719498484,lidar_point
2.610090842380785,1.2160930630561262,lidar_point
2.743651021327068,1.6380118355981932,lidar_point
0.5547916032169873,1.6652219102147934,lidar_point
1.0513210148879963,1.7661836826594102,lidar_point
0.002162342654637772,0.08130717588796044,lidar_point
2.354912276222844,0.8097714577786488,lidar_point
1.2131405676769054,1.6400354615449502,lidar_point
2.3969031075729363,0.10451490380923101,lidar_point
2.0286193007636277,0.19504352668036407,lidar_point
2.3799317330900323,0.9456726318009825,lidar_point
2.976054415449121,0.9440912212212889,lidar_point
2.5863846715206917,1.5192194792204186,lidar_point
0.3214509356460612,1.0089254953179052,lidar_point
2.7571698169740646,0.6249703117627574,lidar_point
1.865214284469888,1.9358891656576962,lidar_point
1.1711598032231434,1.600629705930226,lidar_point
0.7434626510882557,1.1212921111511023,lidar_point
1.1778535131082637,0.9173887467494022,lidar_point
2.536828798208383,1.2917888582224661,lidar_point
1.8510199834955696,0.257722549845552,lidar_point
2.2222644426869067,1.7575054386442832,lidar_point
1.3527645003209607,1.384929681353526,lidar_point
1.5958201856679965,0.24976062844764102,lidar_point
1.6991038211114866,0.979390523754418,lidar_point
1.3771449592159462,1.1018883437946059,lidar_point
1.6706907616768483,1.4441846179378703,lidar_point
1.0976773088515732,1.385416210881767,lidar_point
1.128986382481261,1.2648933253493886,lidar_point
2.7028244245424116,1.265417817049183,lidar_point
0.46797880735561437,1.3968504123697307,lidar_point
2.9614703129714703,0.0723606438080997,lidar_point
2.77995421001199,0.4697148318845983,lidar_point
2.7142980365239806,0.5394231549453099,lidar_point
1.7356023416221626,0.204773688823622,lidar_point
0.21819570164500202,0.9244174445848075,lidar_point
0.7060803695709412,1.3330535313357565,lidar_point
1.9681359795955646,0.600295248168754,lidar_point
0.983194895589986,1.2501018908743189,lidar_point
1.777938644616193,0.6724253885526419,lidar_point
1.2886733836694075,1.005615867608508,lidar_point
2.120306940985081,0.737366891930235,lidar_point
0.5558172038144551,1.128524599359902,lidar_point
0.2856945504438618,1.601644080159029,lidar_point
0.9490716216804311,0.11851521982205027,lidar_point
0.6874178111865755,0.5151091885366248,lidar_point
2.4821984541620448,0.14771099682569577,lidar_point
2.371933976191319,0.9983035040239805,lidar_point
0.34520909404720856,1.223154160855818,lidar_point
1.5694559491899311,0.8298424832901066,lidar_point
0.30842868182214,1.4912562784517562,lidar_point
1.91467645716365,1.6714912654345564,lidar_point
1.8559266943662016,0.8199731749917687,lidar_point
0.6413588048380063,1.6203450062187361,lidar_point
1.6382867276613196,0.1699428905627034,lidar_point
1.8521697128437176,0.33472204074248557,lidar_point
1.8740708161515982,1.303348693661032,lidar_point
1.9195934727466004,1.5006988414634435,lidar_point
2.8204667607187286,0.07308173001699325,lidar_point
0.8181488382295713,1.3945154068336942,lidar_point
2.5804139128985257,1.633909643991464,lidar_point
0.4258752921634057,0.9135154779803745,lidar_point
2.617048141441722,0.5093405239185922,lidar_point
1.684448920354595,1.4375705428941263,lidar_point
0.15963446506854218,1.3721117451941323,lidar_point
1.6486130319963377,0.6164443777013271,lidar_point
0.5139268596790986,0.6875472182547799,lidar_point
2.48145781743755,1.0684324936919407,lidar_point
2.9891992524764497,1.0057200255955832,lidar_point
0.6092090985700229,1.1657688857435677,lidar_point
2.55382872872981,1.777990501079409,lidar_point
2.263390592741075,1.6551792738080005,lidar_point
0.09750008408304844,1.4268095154679705,lidar_point
2.608787497462399,1.9620696397539816,lidar_point
0.6924720580009398,0.23639975236584365,lidar_point
1.9427948152425292,1.2689169967606675,lidar_point
0.5162780517853187,0.5676810830271211,lidar_point
0.08376015958739746,1.098382582293694,lidar_point
0.6517138611998701,1.811898297379337,lidar_point
0.9159691047503384,1.5699646279087816,lidar_point
1.8428557449738707,1.8597421557095626,lidar_point
0.2540500756875266,0.5771086012153139,lidar_point
2.78438152783668,0.4459687959976466,lidar_point
2.8362448855273725,0.9666044438649726,lidar_point
0.4425254833337807,1.3546797786527367,lidar_point
1.9444453399391173,1.845707451250718,lidar_point
0.1761500223750191,0.31602573800501,lidar_point
2.018600890423909,0.7621158825913035,lidar_point
0.6647815226667593,1.9491493570193557,lidar_point
2.3891718730884732,0.8887264791664113,lidar_point
0.9350939096747055,1.2193538343259993,lidar_point
2.7604786263719605,0.14109655824626754,lidar_point
2.7332249150097425,0.6640888805221323,lidar_point
0.5036497710055854,1.7699360292266353,lidar_point
1.7141787871263867,1.3705422438275066,lidar_point
1.022291496525809,1.914165614823221,lidar_point
1.4646236444713494,0.4140015392252887,lidar_point
0.6473874918653203,1.8254454993310818,lidar_point
1.6649375192800528,0.9350613743283926,lidar_point
2.8528937357903996,0.44142418800210703,lidar_point
2.567161743938978,0.9431454080320865,lidar_point
0.3942030508250258,1.2509611632913,lidar_point
0.7264869883472207,1.6443260105163529,lidar_point
1.4541229606456312,0.7263559888923019,lidar_point
1.414338198378808,1.8273188186980893,lidar_point
1.262842794589682,0.3394537121576262,lidar_point
1.0395242562563944,1.4596898585551377,lidar_point
0.9631329775557643,0.4168930721495123,lidar_point
1.1862215172874686,0.397361249616784,lidar_point
2.3157602730770703,1.3584027494372213,lidar_point
2.0402019414424344,1.9053600340648624,lidar_point
1.6567187245675785,0.4347247292570591,lidar_point
1.5936967253041154,0.23285459935213648,lidar_point
0.21566875158415466,1.412399177737663,lidar_point
2.937187467851098,0.7252154725902682,lidar_point
2.039788691853876,0.7491919484192295,lidar_point
1.2296627535897677,0.26684128488302306,lidar_point
0.4886903160877847,0.6789532706557806,lidar_point
1.3033065202880592,1.8841741864635626,lidar_point
1.357685306758656,1.1837489436006627,lidar_point
2.908529894651278,0.8792245644144243,lidar_point
2.1860119451576714,1.1243325720173636,lidar_point
2.394163462959856,1.630726614471703,lidar_point
2.154088041305413,0.09592569553302477,lidar_point
0.189216360605304,0.47889076125612084,lidar_point
1.1483224682312492,1.6386334319787006,lidar_point
1.900564530640507,1.526027657692269,lidar_point
1.6507217247819992,0.23751343287853444,lidar_point
2.0663327655277617,0.17468876740932804,lidar_point
2.411862913715948,0.7023075313790259,lidar_point
0.25105458295402994,1.270553691262154,lidar_point
2.7738166370117874,0.1691593723033602,lidar_point
2.3733236491784977,0.4466488971088891,lidar_point
2.442482567854553,0.07637828100962984,lidar_point
2.969454834451573,1.258670160832223,lidar_point
0.5185775145144763,1.0543304160295686,lidar_point
2.031052248759757,0.13183896820416607,lidar_point
2.236826432588396,1.7713140793306923,lidar_point
0.05372727096085628,0.4848330142572377,lidar_point
0.8126837884658483,0.8819028789225478,lidar_point
1.5174602737903535,0.7888165117942803,lidar_point
0.010192946343978937,0.40101079778259807,lidar_point
0.7871546401911189,0.8678114411200726,lidar_point
2.1545782471127257,0.5837397471792409,lidar_point
2.705145012608622,1.872238747703873,lidar_point
2.579790303920995,1.0525630910587673,lidar_point
0.5268601173364346,1.2318412911278827,lidar_point
0.45391090382268406,1.9685753963093615,lidar_point
0.5387536053153575,1.1018720319139446,lidar_point
2.4956688010027035,1.7051904596626366,lidar_point
2.73716803172718,1.356194802604687,lidar_point
2.3602719731647084,0.6624545726629074,lidar_point
2.54870863948907,0.3792586169426222,lidar_point
1.9518399018467387,1.3355082768163589,lidar_point
2.1017922096902533,1.97722472277866,lidar_point
1.756023042901269,1.6116831710274067,lidar_point
2.795367945408051,0.07909950167030888,lidar_point
2.2871737876030904,1.6668681964907954,lidar_point
0.7831990357453013,1.6810050299661994,lidar_point
2.4474851550728975,0.3765942556384987,lidar_point
1.458208568336389,0.03913373032971412,lidar_point
0.21244914727910202,0.0014900221768396893,lidar_point
1.1765377337110143,1.0346479396692814,lidar_point
2.084992797214717,1.4936849780431318,lidar_point
1.1360747727084006,0.5092301712864553,lidar_point
0.520645406685806,1.298351105981203,lidar_point
0.15535251408747242,1.0799465118744174,lidar_point
0.5873567559029274,0.7460015182029374,lidar_point
0.0990959642407443,1.3983743094408039,lidar_point
2.331330741394326,0.5425197078476003,lidar_point
1.0916350173816975,1.0210952274925704,lidar_point
1.1988324124250869,1.944083930020725,lidar_point
1.296764739393703,1.1915390513108775,lidar_point
2.6550950021058948,0.5630354902500605,lidar_point
2.6282586654657556,0.08818023584939372,lidar_point
2.1906701714925396,1.5707973933427801,lidar_point
0.39269195424894965,1.6140799839506257,lidar_point
1.196275371987817,1.5100931710480237,lidar_point
0.27231505080455565,0.9877491507230687,lidar_point
1.6610545057042763,0.8464593993858804,lidar_point
0.7601049746265133,1.3162541987773748,lidar_point
1.187884001446146,1.2900803488812633,lidar_point
1.1929626005808824,1.3615896222692596,lidar_point
1.8868129237096658,1.192835162021365,lidar_point
2.8338397994505433,0.42665481018799944,lidar_point
0.24382795106870936,0.0726724287275986,lidar_point
1.4495764943555196,0.5585855849694159,lidar_point
2.7707589603798777,1.7889909557670758,lidar_point
0.3524848973556747,1.0841405578848404,lidar_point
1.1753255906128386,0.8061383685596963,lidar_point
2.7805219772756873,1.919705311186398,lidar_point
2.214113109610551,0.6737330326705193,lidar_point
1.7038874948028515,1.1827214642217587,lidar_point
2.5110172017178405,0.49075039198006287,lidar_point
1.076876978698179,0.7452766405595193,lidar_point
0.6872165030033058,1.6090137989294675,lidar_point
1.6550014539577487,0.6313045828795898,lidar_point
0.8391986549444509,1.1464033068944908,lidar_point
0.9034055070469899,1.5848752732984477,lidar_point
2.0551456393883623,1.6256020189868627,lidar_point
1.2622692532789637,0.989923554175351,lidar_point
2.9857609791621416,1.4126480616992536,lidar_point
0.43108127085440473,0.6607156507787788,lidar_point
2.565173386212491,1.5913838985736068,lidar_point
2.98067458642441,0.31176294559211803,lidar_point
1.168920494365651,0.36103848287612306,lidar_point
0.6233455837856448,1.893328713279211,lidar_point
1.9758436583677785,0.7871411677705817,lidar_point
0.04203012995958433,0.9381812750623055,lidar_point
0.43107297429965685,1.2153506630996487,lidar_point
2.5380441247743293,1.1816551404639557,lidar_point
1.5820819450379802,0.1336968269498504,lidar_point
0.11353923126427734,0.5602216065623384,lidar_point
0.7416765478476008,1.7289390899668946,lidar_point
2.954020065863491,0.32709884611787987,lidar_point
0.34302076501913736,1.1088540984313726,lidar_point
1.1577069787034495,0.20472309603767314,lidar_point
2.074591507216396,0.3529741182119348,lidar_point
0.3937624008981593,0.4256710654083231,lidar_point
0.29699877384002005,0.6708314741360872,lidar_point
0.9042865345884006,0.6318511864304102,lidar_point
0.48224759167002806,0.9475286996730115,lidar_point
0.45532756585318124,1.7700531844417902,lidar_point
2.260691296793178,1.4778706909975794,lidar_point
1.775950382212586,0.9635492127143499,lidar_point
1.7217095052298719,1.4176231247139182,lidar_point
2.2008676961767946,0.034954047379478936,lidar_point
0.8236308589399249,1.5977403275405888,lidar_point
0.8241787412138983,0.48646411562796454,lidar_point
0.5544015438848195,1.116252092383437,lidar_point
0.7298448467412901,0.9468638171586552,lidar_point
1.5247843807236334,1.17391115376184,lidar_point
2.9906604908042755,1.6036455433366206,lidar_point
2.3630850674157955,1.2610592239103315,lidar_point
0.22490758203172567,0.9317795068983825,lidar_point
2.9922367434106074,1.406180296238413,lidar_point
0.6425943750858097,1.1800179495511542,lidar_point
0.15448924535710473,0.7391197504718394,lidar_point
0.6827159783955131,0.6957415638886413,lidar_point
1.340353001843844,1.7795981394716136,lidar_point
1.893852059005396,1.9200133459331286,lidar_point
0.4205120250126566,1.5313623123518234,lidar_point
0.677851500343973,0.6542828301248971,lidar_point
1.4713020298146762,0.20834151485394226,lidar_point
1.1192838680075154,0.6849829917168053,lidar_point
2.0256476565768455,0.180782371708067,lidar_point
1.448767098495123,0.49020323432667934,lidar_point
1.4130273927429329,1.4689052971809307,lidar_point
0.2357593446175924,1.487153852212936,lidar_point
2.6323980448599698,1.729535413643804,lidar_point
2.4930994273424236,0.5290576053094513,lidar_point
2.7503651752567917,1.425826029607082,lidar_point
1.0096374712421574,0.7131288575643098,lidar_point
0.21789362546830315,0.39177281476489223,lidar_point
0.5678796720461216,0.46681714152994536,lidar_point
1.8135950480633947,1.033477937893324,lidar_point
1.4312336897067353,1.9840367871461637,lidar_point
1.3711038453754316,1.6539714627691755,lidar_point
0.11630167468496355,1.2777356642474087,lidar_point
2.0318606493194173,0.5247112139841341,lidar_point
0.23196890907992862,0.8393391699937707,lidar_point
2.3239231935153457,0.13508371783579465,lidar_point
2.3316313235872137,0.054003743250281344,lidar_point
2.7325440750545753,1.3527499922785884,lidar_point
2.3362843489619847,1.8501023007044781,lidar_point
1.259898902199426,1.6330735420762263,lidar_point
1.5663957800778965,0.44078156719341144,lidar_point
2.0218146075246883,1.2329033112797108,lidar_point
1.0727093605872655,0.47800987382569593,lidar_point
1.6622591924039014,1.775811693101957,lidar_point
2.5200052719673462,1.6862944777491213,lidar_point
1.8081743769070893,0.4545852139309028,lidar_point
0.21996404929798874,1.9479934532392733,lidar_point
1.656894186874693,1.6648829220529162,lidar_point
1.678564073880581,1.0873611519602053,lidar_point
0.7899297789178998,1.5330936226098282,lidar_point
0.4881170016068499,1.6076377363857104,lidar_point
1.5581143206068193,0.930433370412497,lidar_point
2.793685434068178,0.8666602140304891,lidar_point
2.1787352623677294,0.8974570255305447,lidar_point
1.0156253883524105,0.5149833184473669,lidar_point
1.4515239445553665,1.692032764035895,lidar_point
2.9240066698079037,1.2279585235814958,lidar_point
0.9830815539337635,1.8463536867556454,lidar_point
2.295094728122264,1.1271468615879923,lidar_point
2.2352360490752328,1.5411587726449965,lidar_point
0.26177629963152305,0.52580384004585,lidar_point
2.35662280974313,0.6224582646558179,lidar_point
1.03345939156919,0.8505043550980351,lidar_point
0.4044880815853279,1.2314827749686412,lidar_point
1.214585226950406,0.33593511467668935,lidar_point
2.614777731941552,1.106153690819627,lidar_point
0.31353317614227516,1.6529004517666825,lidar_point
2.1139708537974737,1.7681592504678971,lidar_point
2.3996236056751408,0.5464185259071102,lidar_point
1.5162664258316716,1.7873013724594622,lidar_point
0.4828288608792912,0.342898506302022,lidar_point
2.950698991160927,1.9155442944185561,lidar_point
2.8139889293912397,0.9034408041725945,lidar_point
0.014144562171168218,0.2929958728645219,lidar_point
1.8605917716065385,1.7988401463982673,lidar_point
0.06970423481702104,0.506338936806668,lidar_point
0.506472412746765,1.594535012980013,lidar_point
2.503319946411678,1.4980292198737535,lidar_point
2.8248569427530485,0.1411676091038807,lidar_point
1.422829656207179,0.40511217242811814,lidar_point
1.7162103975985936,1.029397928225527,lidar_point
1.3447958359717063,1.4573299110029778,lidar_point
0.6071919304747304,1.8194251694346473,lidar_point
0.6871721411443702,1.4171521988082485,lidar_point
1.6203575598160884,1.4404760421538558,lidar_point
1.9086704404790211,0.48823328492627116,lidar_point
2.051157811522935,0.913047070476896,lidar_point
1.2323561820890099,1.6400576589311624,lidar_point
0.6615727330861613,1.7979727295757244,lidar_point
2.2320107866364816,1.1083366794060514,lidar_point
0.23134273440278796,0.27873942785193506,lidar_point
1.2648695968819108,1.7513931059298888,lidar_point
0.23685632356324426,0.5365451765544107,lidar_point
0.44290738038541,0.3247653232768686,lidar_point
2.469705068432905,1.4486140796265823,lidar_point
2.324653315587443,0.827322669481221,lidar_point
1.8641882803555283,0.17783288355511195,lidar_point
2.1590616739285764,1.3217763153983408,lidar_point
1.9695262080147544,0.42731484376580364,lidar_point
0.5444039954882333,1.4939094808863327,lidar_point
2.2255294308175806,0.5635339300953579,lidar_point
1.9931311027758705,1.407091659362046,lidar_point
0.15401746161901042,0.7928361802581012,lidar_point
1.5437157093303944,1.9335428167854758,lidar_point
1.9800656462811168,1.417793384655709,lidar_point
0.7993413846961582,1.9931866023304674,lidar_point
0.0016686953608652244,0.8013539519518309,lidar_point
0.5733325164770094,0.5435182077852116,lidar_point
1.8406273907087667,0.15780782464389254,lidar_point
1.7266692037475413,1.200716786787416,lidar_point
0.7378962910667818,0.02612470814177148,lidar_point
0.9366983159851465,0.1414225798655646,lidar_point
0.9926042335707026,1.7879934143938123,lidar_point
0.8812001075783711,0.6024662153673357,lidar_point
0.512202215710471,1.276875220004182,lidar_point
0.4029407183453797,0.21070209377233273,lidar_point
2.129384142021557,1.8560026765207283,lidar_point
2.228237929452124,1.181932739094943,lidar_point
2.6443779471424977,0.09748225436432545,lidar_point
0.5583918177389228,0.15377507118647182,lidar_point
0.9520332377886148,0.353559793893226,lidar_point
1.4082115729734235,0.23440197755157866,lidar_point
2.0809519564915524,0.33698250041506617,lidar_point
2.243736099051809,0.9688138633431052,lidar_point
2.7711155049058087,0.421378223315245,lidar_point
0.15688487122962724,1.5326086466282831,lidar_point
1.2674586195372668,0.5123700735993821,lidar_point
1.5299271489575927,1.199326972907414,lidar_point
0.7838844181147209,0.16637587907901086,lidar_point
1.1916712438246484,1.1722549851270585,lidar_point
0.715130690225607,1.1912387909156237,lidar_point
1.5716483032314152,1.4750202017774232,lidar_point
0.6183745145127186,0.4901087765059138,lidar_point
2.245270502211169,0.7457141329977066,lidar_point
2.1744248805650948,0.7204357073186096,lidar_point
2.7457609213081744,0.6656139065473856,lidar_point
0.6693723074070834,0.8264160678821177,lidar_point
0.8888449052092254,1.8640017179198427,lidar_point
0.1861151645009318,1.5026364893783455,lidar_point
0.5170507193278956,1.662737933283366,lidar_point
0.5552524799694756,0.014346654212018306,lidar_point
2.3250533407535756,0.17022700063547824,lidar_point
2.6556326400334234,1.4586435746299984,lidar_point
1.605123149852862,1.578342373152076,lidar_point
0.9887165883899147,1.6330983158498862,lidar_point
2.6542882729473867,1.890214251748209,lidar_point
1.751762676600459,0.08627167970478045,lidar_point
0.860823435001258,1.0756756435364938,lidar_point
1.8637224796442364,0.6262526149771162,lidar_point
2.7459840813626992,1.4789427745347659,lidar_point
1.6939853626010732,1.1797243599167626,lidar_point
1.1730778161926623,1.846320114863625,lidar_point
1.9225344563289402,1.9393708669465806,lidar_point
1.6648214465090159,1.4463118010606972,lidar_point
1.4448578144631996,0.1436140547442719,lidar_point
0.011109871417237072,0.9386436043777637,lidar_point
2.51762674445746,1.9971960361714254,lidar_point
1.0021260685199922,0.35466754114681254,lidar_point
2.8487485400797734,0.6294611922400646,lidar_point
2.1559873438501436,0.269858686627078,lidar_point
1.943143227904531,0.3296543689728728,lidar_point
2.086193028840851,0.787743955445728,lidar_point
2.6988762127557036,1.6865061130940284,lidar_point
2.015825655493175,0.3203338065905752,lidar_point
1.7124207180837279,1.6784162453658877,lidar_point
1.5941803113422288,1.9230890701846195,lidar_point
0.2187715825589326,0.8982000725914496,lidar_point
2.671696997019986,1.2173672135442104,lidar_point
2.545123267068946,1.3778249277222183,lidar_point
0.5414845977850552,1.5731531268082721,lidar_point
1.9702218790274446,1.365667158618837,lidar_point
2.9656700895848953,0.5198010440660121,lidar_point
2.9825043226605663,0.10266920275723401,lidar_point
2.500969829224251,1.7340766437341493,lidar_point
1.188638023259462,0.20948931187021236,lidar_point
1.0154887205667968,0.4686742941536455,lidar_point
0.6541062872113338,1.508618689038248,lidar_point
0.14763646381871254,1.8448098289414734,lidar_point
2.0476120154822466,0.5551013166322518,lidar_point
0.9122743472853416,1.5132390341607231,lidar_point
2.362039625936281,1.7314783599427286,lidar_point
2.7984612210344952,0.2942560430191332,lidar_point
0.2341886273455943,0.6451158904475036,lidar_point
1.0551824127059635,1.6825695298616758,lidar_point
2.1300970456797828,0.5963037407670715,lidar_point
0.08861508593819523,1.8665593705679648,lidar_point
1.876180739446585,0.06665079334598922,lidar_point
1.15182536200038,0.9576686010039137,lidar_point
2.5879832372020246,1.5997881832936143,lidar_point
1.947983651895623,1.0120661552661814,lidar_point
2.300918748614446,0.6475740310962017,lidar_point
1.7128980849546567,0.027961969406184783,lidar_point
2.5199013917802837,0.2636433305254706,lidar_point
2.844796855760143,0.23974023252171683,lidar_point
2.5538311140967958,1.8370845975572028,lidar_point
1.4530015674900743,0.9111689857967353,lidar_point
0.72637599947478,1.6047605650001762,lidar_point
2.707801982625155,1.1425323298566505,lidar_point
0.3404732005972292,1.3962187678159754,lidar_point
2.59449528153246,1.4564942450533827,lidar_point
2.4397318728624175,1.2044041397695073,lidar_point
2.817857123719009,1.415698954095863,lidar_point
0.9877197276077465,1.414162207410812,lidar_point
2.2162033870743816,0.012255433305884633,lidar_point
0.4714113113385555,1.7373779395804376,lidar_point
1.8874106529142753,0.7367596420805218,lidar_point
1.75944029260225,0.47042483666719126,lidar_point
0.6580475617055638,0.12502357579778112,lidar_point
0.3298223241629422,1.7808622765933098,lidar_point
0.15330597784935296,1.9851565179141597,lidar_point
0.3903919759340476,1.114989470583122,lidar_point
0.8584689488969619,1.1831201459970673,lidar_point
0.31106281554357107,0.6422016858136534,lidar_point
0.06209076360140087,1.2894338532541478,lidar_point
2.4522512272726633,0.5937281977439546,lidar_point
2.3341590400097636,0.03886778968998672,lidar_point
0.8925135908122446,0.4954588658469734,lidar_point
1.7981108705869242,1.391520121933649,lidar_point
2.6214675595287127,0.9256386628206834,lidar_point
1.9341221763144527,0.8044045214323832,lidar_point
2.694441548154611,1.602633730766822,lidar_point
1.9485987948687722,0.42116772954100434,lidar_point
0.40398804485775064,0.338656570403735,lidar_point
0.7040859242282592,1.9000514050208137,lidar_point
1.1863163396066114,1.4820952046139484,lidar_point
0.15164880129738345,0.9996862546677872,lidar_point
2.5997913489589592,1.7600403097186723,lidar_point
0.7646094139820543,0.11615620095091983,lidar_point
2.6265811321604553,0.03622698469575214,lidar_point
2.488179692977434,0.22653758842828853,lidar_point
2.842434369018517,1.7488386903934616,lidar_point
1.3440509857857472,0.17814225778470627,lidar_point
0.3234702971475657,0.2790706467861983,lidar_point
2.1617512386058984,0.8663024506041053,lidar_point
2.1061647965073225,1.6970266516657313,lidar_point
1.8493627023020158,1.8605713191922701,lidar_point
1.7891956727689193,1.4902072553278793,lidar_point
1.6037602175347798,0.7253228735312813,lidar_point
2.9443914067594017,1.7752507677550453,lidar_point
0.6014307410751282,0.44868181555228137,lidar_point
1.6124649136276492,0.6405908642332028,lidar_point
2.5188517868912372,0.6607398347916384,lidar_point
1.0769288060819933,1.2552765357962339,lidar_point
1.9030482811253926,0.16020234217982599,lidar_point
1.438445367294257,0.1852532939497049,lidar_point
0.3105068224625167,1.54627819684057,lidar_point
2.4232908096533126,1.2016034078166267,lidar_point
1.336342856057946,1.1513672949764258,lidar_point
2.2194611968807143,1.0623307225877614,lidar_point
1.8319990747546204,1.925650986452146,lidar_point
1.478065512368039,0.4657443109308308,lidar_point
1.7250271265267694,1.0041387739324716,lidar_point
2.6484018546415875,1.874024212781847,lidar_point
2.5212802893396415,1.0455495224897833,lidar_point
1.5949041088548577,0.010597258918489505,lidar_point
2.0695776561011465,0.7012845073460892,lidar_point
1.6732249179958565,0.43989068117434527,lidar_point
2.05800662346599,1.1764636487354203,lidar_point
1.5319040497855565,0.3587740374233239,lidar_point
2.2382663848839344,1.9117991058492496,lidar_point
2.6456718531009904,0.55442679329831,lidar_point
2.2064308738796536,0.5604029676656654,lidar_point
0.883568766353184,0.8756386557003712,lidar_point
2.8647096354284525,1.7827368262494347,lidar_point
2.3659212384271666,1.4250131766378036,lidar_point
2.439391287373012,0.6133209974313978,lidar_point
1.8800170623288137,1.545800025175299,lidar_point
0.7612954758841511,0.6415185836186217,lidar_point
2.111165302472683,0.9974799675205859,lidar_point
2.4359343982471815,0.43021316938678256,lidar_point
0.8562555921882468,0.8502465330918938,lidar_point
2.3910874880927473,1.7631881664420312,lidar_point
2.93723137327103,1.006734913358184,lidar_point
0.3440790999139559,0.10898727345568049,lidar_point
0.25641227083242457,0.9950667962797837,lidar_point
1.4027564054955293,0.16608046700367152,lidar_point
1.4908848582460221,0.9442134075394737,lidar_point
0.996429677715451,0.21329470034002496,lidar_point
2.17264476144593,0.16225863967910592,lidar_point
1.1579797862898153,1.7661700293685247,lidar_point
0.6871756727369909,0.06798295706625113,lidar_point
2.0404958584007584,1.9321056960255198,lidar_point
0.35756496879381905,0.8178654753908068,lidar_point
1.6807986332975096,1.8666068633804045,lidar_point
2.644909080957247,1.564936692665937,lidar_point
2.2470308604346028,1.4349205013909268,lidar_point
1.4765799938344144,1.7571203696772217,lidar_point
1.1541883935771011,0.1683703077962675,lidar_point
0.621935815433528,0.6766351069962002,lidar_point
2.1554231755116806,0.47298932140541217,lidar_point
1.4121402955495308,0.18308307972082694,lidar_point
0.07314823633988965,0.8440802360997142,lidar_point
0.28575668385063113,0.1521876728323206,lidar_point
1.2105218452338704,0.6332440275463904,lidar_point
2.9031787297731357,0.897480300756182,lidar_point
1.354395959372265,1.689570670663901,lidar_point
0.4245451864494887,0.5920575893507918,lidar_point
0.2641054480467766,0.8553160977308356,lidar_point
2.9758777259444957,0.29662188371752607,lidar_point
2.1980192862966206,0.722087005651332,lidar_point
1.5516481155502606,1.7820670881676235,lidar_point
0.2650010464660223,1.1675612326272482,lidar_point
2.973311643030129,0.20251133826682088,lidar_point
0.11558291728935588,1.1307720209457974,lidar_point
0.31390195409729504,1.4442139258933782,lidar_point
0.5958790042650234,0.45244982129649114,lidar_point
0.7692287230870887,0.06540826906678321,lidar_point
0.9653389760074904,0.7425485336716551,lidar_point
1.2210923559666171,1.7017546055652402,lidar_point
1.6380204124317306,0.3543117281160313,lidar_point
1.6637797705721804,1.1388236679823172,lidar_point
1.4618583663152758,0.237840338593037,lidar_point
1.998089657093408,0.8097556800699108,lidar_point
1.1259244790730834,0.016727993560505583,lidar_point
0.8324775408515985,1.6281656933128896,lidar_point
1.540159684752441,0.3646742629197677,lidar_point
0.8007117889979976,1.8671442290350428,lidar_point
0.2494591725317976,1.7123142389994694,lidar_point
1.8788121978216794,0.6650951219450376,lidar_point
2.1445553446765695,0.22766665436408573,lidar_point
2.434616861904982,1.2644858410475595,lidar_point
2.891751141799252,1.1292511083682593,lidar_point
0.6587112336864615,1.0160574357647028,lidar_point
2.7591594294623203,0.9293038888678715,lidar_point
2.411997361003622,0.4238174212700889,lidar_point
1.5684851763205772,1.7742001590786436,lidar_point
0.0798936209953347,0.6926804834047877,lidar_point
2.457393335208084,1.272911026999874,lidar_point
1.3714461031621807,1.000865577453549,lidar_point
2.1696365207438095,0.7039667340927287,lidar_point
1.6685076457677117,1.6908940123596088,lidar_point
0.8907774714539078,0.7331597641074603,lidar_point
2.872123077891306,0.2705830898220001,lidar_point
2.207575410832002,0.6784854880163971,lidar_point
0.898093185692994,1.6090977249221479,lidar_point
1.4593472709734066,0.3569628968436527,lidar_point
2.980491165156188,1.2222967708943475,lidar_point
2.926311094630909,0.23725826265659178,lidar_point
2.13225294367228,0.47429311499636007,lidar_point
0.41658137022230823,1.1382954753190373,lidar_point
2.0033668059155416,0.5157627933168512,lidar_point
2.908022644553962,1.2572570823315787,lidar_point
1.7514667457611308,0.13034408819422527,lidar_point
0.9151024684000398,1.7284290750508056,lidar_point
2.7597966848151603,1.8330104767174953,lidar_point
1.060955430968607,1.8509122009691976,lidar_point
0.6930401876950737,0.7566322507407404,lidar_point
2.0639291151354735,0.42994534978069976,lidar_point
0.7696440076821193,1.63472525641768,lidar_point
2.6553759801497008,0.2889527812941042,lidar_point
2.899922745270141,1.4831723041606057,lidar_point
1.6464127490226077,1.481222002434842,lidar_point
2.453438912965887,1.1807568777902018,lidar_point
0.871247219486674,1.656263222157656,lidar_point
1.5729959829501245,1.0034799919811048,lidar_point
2.4624224986815673,1.1515090741586007,lidar_point
0.04669332669290893,1.9805729436197388,lidar_point
1.0077767591217572,0.41459024675693024,lidar_point
0.24860588912053383,0.7463885345559136,lidar_point
2.7796887332832694,1.140321151285498,lidar_point
0.4132354427522422,1.5478425075825304,lidar_point
2.020807824113069,1.5426025605063975,lidar_point
1.5329342466709934,0.21673049321926796,lidar_point
2.461966168291722,0.9769676401844536,lidar_point
1.550092018519556,1.089740588382248,lidar_point
2.957261774486546,0.448860102517024,lidar_point
1.7859255403745624,0.09075537456820437,lidar_point
1.0799630537044873,1.932569700503333,lidar_point
2.817095779790059,0.8753014105145411,lidar_point
0.07727939068043921,0.941569273984723,lidar_point
0.8211328723088571,1.7444371107941181,lidar_point
1.0559190907953322,1.300843621708357,lidar_point
1.9716645741948067,1.8822229703455644,lidar_point
1.1725395650332318,1.151847934186012,lidar_point
2.8155438904407006,0.41734665736891907,lidar_point
1.4928595656678423,1.439757898901789,lidar_point
0.2556617762918568,0.6323534598662601,lidar_point
2.020870861972943,0.8129257935623364,lidar_point
0.25058668275597784,0.8282602441008817,lidar_point
1.6612630563896098,0.9190083187602649,lidar_point
2.045716897216966,1.810095982196576,lidar_point
1.8057024708504419,0.9009423816558506,lidar_point
0.5043911467421336,0.45189442007750635,lidar_point
0.9354846848538216,0.7144439002538572,lidar_point
1.608278551159585,1.839146047320904,lidar_point
1.5027030349819883,1.4460609612508537,lidar_point
2.28703175390856,1.7413071369263446,lidar_point
2.426834742780036,1.7627907262314375,lidar_point
1.1452116646862462,0.18733649498714855,lidar_point
0.5434560593280554,0.18021105226432987,lidar_point
2.9794121405646603,1.23791597237394,lidar_point
0.25328931879447003,1.5746717461408797,lidar_point
1.5884970937376435,1.4357741231952672,lidar_point
1.2913638820583198,1.3157976516530998,lidar_point
2.398340373891313,1.4496637377264523,lidar_point
1.3727026218310237,1.9023580893017225,lidar_point
2.467489064590838,0.4210284800856656,lidar_point
2.166569116690923,0.4411539964772506,lidar_point
2.333806919658002,1.8366653255740892,lidar_point
2.7240908867985185,1.7694002161810676,lidar_point
1.4956519819092184,0.6594221260440778,lidar_point
1.372612483263902,1.4945803905794592,lidar_point
1.5161484846277709,0.3019568691629342,lidar_point
0.15890425568031497,1.6655139319529306,lidar_point
0.7571700419905477,1.9398453153912956,lidar_point
1.8539018687281996,0.7428867350389154,lidar_point
1.676292718468459,0.28576278709618363,lidar_point
2.960691264202066,1.4422978328753961,lidar_point
2.706298644167285,0.9865138863232032,lidar_point
2.772208236002452,1.3083340392104614,lidar_point
0.7610557228852315,0.9023083221881749,lidar_point
2.6363943226032065,0.66055187963455,lidar_point
1.089638445289364,1.560782769801974,lidar_point
1.3286687451639185,1.805494139417524,lidar_point
2.3198279119594325,0.4026464924457265,lidar_point
2.4564386931925455,0.420227594654651,lidar_point
0.29169899883922756,1.923827268760421,lidar_point
1.648320944631108,1.8379226824949353,lidar_point
0.06143856921477553,1.3404176635172376,lidar_point
0.2559163207580345,1.5326805315992045,lidar_point
1.9264874310258329,0.7947252483496574,lidar_point
0.141093994178918,1.3414736404053118,lidar_point
0.17596457812450483,1.0228942943106158,lidar_point
1.7970421474091811,0.13583248140445536,lidar_point
2.0452775527534848,0.5751815593467047,lidar_point
0.35274154538144853,0.44626496052505815,lidar_point
2.796137366136873,1.0669008129574502,lidar_point
1.3437518288031463,0.4683061690055661,lidar_point
0.9092067755779345,0.8314492149122648,lidar_point
2.5001560883118255,0.7947110977745768,lidar_point
2.8469625018505473,0.7035823420011551,lidar_point
0.6359034355304957,0.8942885965945857,lidar_point
1.5841468454861796,0.42897738229653104,lidar_point
1.9762866094944778,1.423822226331939,lidar_point
2.2201365410795257,1.1189018297285243,lidar_point
0.6682701008539397,1.2313270568514785,lidar_point
0.9877118495084133,0.45204026035485434,lidar_point
2.1068152633838353,0.9014540836950682,lidar_point
2.996957316624089,0.31574467290248087,lidar_point
0.1706580636557793,1.9808907884427531,lidar_point
1.0126847830791714,0.17817604528329745,lidar_point
2.998306833333101,1.9794242646356959,lidar_point
1.3695817044870067,0.5163068896464884,lidar_point
1.021766781725854,1.1821991857688368,lidar_point
2.3194740026413108,1.9998044718670402,lidar_point
1.7656549388949587,1.290563420031608,lidar_point
2.8744710373192914,1.5609290674741667,lidar_point
0.14053939804722548,0.6929214235783583,lidar_point
1.6104431122924558,0.008065148130498967,lidar_point
1.3444767137599596,1.71903377098303,lidar_point
1.670653702212335,1.2955290027277244,lidar_point
2.7685960524314215,0.24120372793383416,lidar_point
2.7479515616287866,1.9552548908562353,lidar_point
1.7214147853510373,0.9604230963351941,lidar_point
0.6123725850057031,1.6438821485416757,lidar_point
0.40808401114075676,0.03264270580304651,lidar_point
2.65508089921331,1.018127981905196,lidar_point
2.611516001020737,0.055075272597571834,lidar_point
2.3826764086882797,1.9040421614928962,lidar_point
0.4529501798407234,0.07250567929836804,lidar_point
1.5544850940023887,1.4704298511241145,lidar_point
1.1937756185049402,1.9721578805524085,lidar_point
2.117460044864232,1.1015939462080173,lidar_point
2.6140462701298395,0.5302823652571824,lidar_point
2.4344412249478453,0.8998681936659187,lidar_point
1.7855285217501915,1.9621795041348609,lidar_point
2.4653893313336366,1.5006914075501117,lidar_point
0.26081846886499394,1.7698836378923435,lidar_point
0.13247414399637658,1.2701661189232334,lidar_point
1.56559149768378,0.3486521168415986,lidar_point
0.3099369098218224,1.142217998696419,lidar_point
2.949084272336788,1.935203556611444,lidar_point
2.6050689249909316,0.9274053335506043,lidar_point
0.989258445436674,0.5898631104608798,lidar_point
1.7124955887541695,1.119704969615313,lidar_point
0.2464720234582093,0.09727015255311544,lidar_point
0.5459351250548092,1.8516112325478231,lidar_point
2.501301778782345,0.006538699700456396,lidar_point
0.6262833071861471,0.012941107664717455,lidar_point
0.9003157749249211,0.5156656215172561,lidar_point
1.7964966435772372,1.4297861885156082,lidar_point
2.761340507630674,0.9113409789048832,lidar_point
2.4409257339079153,0.5353619792794095,lidar_point
0.5566635626933061,0.8553506829879096,lidar_point
0.6698860070909041,0.41347197347132725,lidar_point
0.32936293224127156,1.6216995934031466,lidar_point
2.63989950090221,0.7146029861028207,lidar_point
1.774066354395008,1.434172028151974,lidar_point
2.984713022445254,0.3545565588715285,lidar_point
2.128974876457324,1.8768125232964106,lidar_point
2.815923837979093,1.8028777169053143,lidar_point
2.0104623046599843,0.7035533336082256,lidar_point
2.606878278793617,0.37637462955136725,lidar_point
1.1274778085857307,0.37109057049689964,lidar_point
0.3043030118615283,0.4134327710988832,lidar_point
0.8279515332192863,1.951692142673889,lidar_point
0.8748991904745922,1.1890933926647658,lidar_point
1.3156144049810448,1.2820257208594674,lidar_point
2.9847733347470102,1.5501366744497198,lidar_point
0.03976811086854881,1.172613178676344,lidar_point
0.12598659926074252,1.822979386485601,lidar_point
1.2721650719210313,1.5532553774242892,lidar_point
0.6186527297568067,1.5182847995252133,lidar_point
2.5499455476334836,1.7896754084696804,lidar_point
1.7837731323593893,1.338727646025667,lidar_point
2.8814571177082584,0.22098918235257425,lidar_point
2.18586657242512,0.7145457354628284,lidar_point
0.7499768564263138,1.3636985113721616,lidar_point
2.8805980983747137,0.8124544773209206,lidar_point
1.029595409080113,0.9631614258178884,lidar_point
2.94759894041247,0.9648372662597995,lidar_point
0.3780066497748401,1.7928659787894803,lidar_point
1.010509216760413,1.4297507466208923,lidar_point
0.1770139089497691,0.4384930813491641,lidar_point
2.385633581023484,0.4453081757759134,lidar_point
0.869669817403545,1.609198986986233,lidar_point
0.17475335945086556,1.3963254703745394,lidar_point
2.820508525781083,0.25180375474827654,lidar_point
0.4046256194004122,1.0330200013443243,lidar_point
0.6935413135532127,0.785858284095188,lidar_point
0.6483822497430666,0.9540523145689965,lidar_point
1.0700277047285147,1.9354591209555476,lidar_point
2.582304052737525,1.4028512842047796,lidar_point
2.3811933497017743,0.11627088111524353,lidar_point
1.040957734366176,1.4655500882081116,lidar_point
1.635026381401781,0.8392611421591674,lidar_point
2.30772416858952,0.9923176761310726,lidar_point
0.5430076958744209,0.14683602841231203,lidar_point
0.21440383025152498,0.10064739763136665,lidar_point
1.7083686745527484,0.6128647471986619,lidar_point
1.2268198866107143,0.16107937765672387,lidar_point
1.7854400363153016,1.2606312941106779,lidar_point
0.6701967650052151,0.17842584003139894,lidar_point
1.5593588890649779,0.28714766568276273,lidar_point
0.45956812649032674,0.35898651662229497,lidar_point
0.1005950522501281,1.3901538421519684,lidar_point
2.4413348759351656,1.6355403019869135,lidar_point
2.051721174832466,1.5038149552838103,lidar_point
2.9130390006086238,0.16791094766234993,lidar_point
1.5520943463357735,0.5434892502313378,lidar_point
2.9130274548770725,0.515657412528961,lidar_point
0.44811887499589254,1.03370933271312,lidar_point
0.9151794457908498,0.9087335193063679,lidar_point
2.3828656022026755,0.9540730549659364,lidar_point
1.5526019040312184,1.024645532665,lidar_point
1.9892275710641196,0.11782873809990968,lidar_point
1.4334341444730598,0.25953814549378507,lidar_point
0.9786636121293865,1.909431479559943,lidar_point
1.1854742738298838,1.1178523071709237,lidar_point
1.4601332010950323,1.9333673731211587,lidar_point
0.7052119495071574,1.4190179322550545,lidar_point
1.0711831247347412,0.4676751465082283,lidar_point
2.773392727338025,0.16176581236449894,lidar_point
2.3610132708177005,0.10871764924852734,lidar_point
0.43503568886299493,0.2148032073672581,lidar_point
0.21388504128319652,0.18350074801029748,lidar_point
1.2705840879694077,1.2725697789697437,beacon_1
0.2107804083690269,0.7137157669557468,beacon_2
1.5487733288096015,0.5490989056765077,beacon_3
